<?xml version="1.0" encoding="UTF-8"?>
<objects>
	<hosts>
		<host>
			<id>host1</id>
			<value>192.168.100.44</value>
		</host>
		<host>
			<id>server3</id>
			<value>192.168.100.3</value>
		</host>
		<host>
			<id>planet</id>
			<value>192.168.100.1</value>
		</host>
	</hosts>
	<ipranges>
		<iprange>
			<id>iprange1</id>
			<value>192.168.100.1-192.168.100.100</value>
		</iprange>
	</ipranges>
	<networks>
		<network>
			<id>network1</id>
			<value>192.168.100.0/255.255.255.0</value>
		</network>
	</networks>
	<times>
		<time>
			<id>time1</id>
			<timestart>00:00</timestart>
			<timestop>23:59</timestop>
			<days>Mon,Tue,Wed,Thu,Fri,Sat,Sun</days>
			<datestart>2005:12:08</datestart>
			<datestop>2006:15:01</datestop>
		</time>
	</times>
	<services>
		<service>
			<id>p2p-kazaa</id>
			<layer7>fasttrack</layer7>
		</service>
		<service>
			<id>p2p-gnutella</id>
			<layer7>gnutella</layer7>
		</service>
		<servicegroup>
			<id>p2p</id>
			<value>p2p-kazaa;p2p-gnutella</value>
		</servicegroup>
	</services>
</objects>
